category_id,type,question_text,question_text_sv
712719f6-df43-4ce9-ab98-c505f3653399,truth,"What is the most chaotic thing you have done on impulse?","Vad är det mest kaotiska du har gjort på impuls?"
712719f6-df43-4ce9-ab98-c505f3653399,truth,"If you had to delete one social media app forever, which one would it be?","Om du var tvungen att radera en social medie-app för alltid, vilken skulle det vara?"
712719f6-df43-4ce9-ab98-c505f3653399,truth,"Who here would most likely start drama accidentally?","Vem här skulle troligast starta drama av misstag?"
712719f6-df43-4ce9-ab98-c505f3653399,truth,"What is the worst decision you made because you were bored?","Vad är det sämsta beslut du har tagit för att du var uttråkad?"
712719f6-df43-4ce9-ab98-c505f3653399,truth,"Have you ever sent a message you instantly regretted?","Har du någonsin skickat ett meddelande du direkt ångrade?"
712719f6-df43-4ce9-ab98-c505f3653399,dare,"Let the group choose your profile picture for 10 minutes.","Låt gruppen välja din profilbild i 10 minuter."
712719f6-df43-4ce9-ab98-c505f3653399,dare,"Pretend you are a reality show villain for one round.","Låtsas att du är en realityshow-skurk i en runda."
712719f6-df43-4ce9-ab98-c505f3653399,dare,"Speak only in questions for the next round.","Tala bara i frågor under nästa runda."
712719f6-df43-4ce9-ab98-c505f3653399,dare,"Do a dramatic slow-motion walk across the room.","Gå en dramatisk slow-motion-vandring genom rummet."
712719f6-df43-4ce9-ab98-c505f3653399,dare,"Let someone in the group rename you for the rest of the game.","Låt någon i gruppen byta namn på dig resten av spelet."
712719f6-df43-4ce9-ab98-c505f3653399,truth,"Who here would survive the longest without their phone?","Vem här skulle överleva längst utan sin telefon?"
712719f6-df43-4ce9-ab98-c505f3653399,truth,"What is the most impulsive thing you have bought?","Vad är det mest impulsiva du har köpt?"
712719f6-df43-4ce9-ab98-c505f3653399,truth,"What is the weirdest DM you have ever received?","Vad är det konstigaste DM du någonsin har fått?"
712719f6-df43-4ce9-ab98-c505f3653399,truth,"Who here would be most likely to go viral for something random?","Vem här skulle troligast bli viral för något slumpmässigt?"
712719f6-df43-4ce9-ab98-c505f3653399,truth,"Have you ever pretended to know something you had no clue about?","Har du någonsin låtsats veta något du inte hade en aning om?"
712719f6-df43-4ce9-ab98-c505f3653399,truth,"What is your most chaotic friend group memory?","Vad är ditt mest kaotiska vänkretsminne?"
712719f6-df43-4ce9-ab98-c505f3653399,truth,"Have you ever accidentally sent a message to the wrong person?","Har du någonsin av misstag skickat ett meddelande till fel person?"
712719f6-df43-4ce9-ab98-c505f3653399,truth,"What is the fastest you have ever regretted something?","Vad är det snabbaste du någonsin har ångrat något?"
712719f6-df43-4ce9-ab98-c505f3653399,truth,"If you disappeared for 24 hours what would you be doing?","Om du försvann i 24 timmar, vad skulle du göra?"
712719f6-df43-4ce9-ab98-c505f3653399,truth,"Who here would cause the most chaos on a road trip?","Vem här skulle orsaka mest kaos på en roadtrip?"
712719f6-df43-4ce9-ab98-c505f3635399,truth,"Who in this room would you trust the least with a secret?","Vem i det här rummet skulle du lita minst på med en hemlighet?"
712719f6-df43-4ce9-ab98-c505f3635399,truth,"Have you ever stalked someone online?","Har du någonsin stalkat någon online?"
712719f6-df43-4ce9-ab98-c505f3635399,truth,"What secret are you glad your parents don't know?","Vilken hemlighet är du glad att dina föräldrar inte vet?"
712719f6-df43-4ce9-ab98-c505f3635399,truth,"Who here would survive a zombie apocalypse?","Vem här skulle överleva en zombieapokalyps?"
712719f6-df43-4ce9-ab98-c505f3635399,dare,"Send the last photo in your camera roll to the group.","Skicka den sista bilden i ditt kamerarulle till gruppen."
712719f6-df43-4ce9-ab98-c505f3635399,dare,"Swap phones with someone for 1 minute.","Byt telefon med någon i 1 minut."
712719f6-df43-4ce9-ab98-c505f3635399,dare,"Let someone post an emoji on your social media.","Låt någon lägga upp en emoji på dina sociala medier."
712719f6-df43-4ce9-ab98-c505f3635399,dare,"Spin around 10 times and walk straight.","Snurra runt 10 gånger och gå rakt fram."
712719f6-df43-4ce9-ab98-c505f3653399,dare,"Let someone choose a word you must say every time you speak for one round.","Låt någon välja ett ord du måste säga varje gång du pratar i en runda."
712719f6-df43-4ce9-ab98-c505f3653399,dare,"Pretend the floor is lava for 15 seconds.","Låtsas att golvet är lava i 15 sekunder."
712719f6-df43-4ce9-ab98-c505f3653399,dare,"Talk like a movie trailer narrator for one turn.","Prata som en filmtrailerberättare i en tur."
712719f6-df43-4ce9-ab98-c505f3653399,dare,"Let the group pose you like a mannequin.","Låt gruppen posera dig som en skyltdocka."
712719f6-df43-4ce9-ab98-c505f3653399,dare,"Switch seats with someone using the weirdest walk possible.","Byt plats med någon med den konstigaste gången möjlig."
712719f6-df43-4ce9-ab98-c505f3653399,dare,"Make dramatic eye contact with someone for 10 seconds.","Ha dramatisk ögonkontakt med någon i 10 sekunder."
712719f6-df43-4ce9-ab98-c505f3653399,dare,"Say your next answer in slow motion.","Säg ditt nästa svar i slow motion."
712719f6-df43-4ce9-ab98-c505f3653399,dare,"Pretend you are a superhero discovering your powers.","Låtsas att du är en superhjälte som upptäcker dina krafter."
712719f6-df43-4ce9-ab98-c505f3653399,dare,"Narrate everything you do for the next 20 seconds.","Berätta allt du gör under de nästa 20 sekunderna."
712719f6-df43-4ce9-ab98-c505f3653399,dare,"Let the group give you a dramatic nickname.","Låt gruppen ge dig ett dramatiskt smeknamn."
683b7b82-f39b-45d9-bb03-2ec26c8eb310,truth,"What is the funniest thing that has ever happened to you at school or work?","Vad är det roligaste som någonsin har hänt dig i skolan eller på jobbet?"
683b7b82-f39b-45d9-bb03-2ec26c8eb310,truth,"What is a trend you tried that you now regret?","Vilken trend provade du som du nu ångrar?"
683b7b82-f39b-45d9-bb03-2ec26c8eb310,truth,"What is the funniest nickname you have ever had?","Vad är det roligaste smeknamnet du någonsin haft?"
683b7b82-f39b-45d9-bb03-2ec26c8eb310,truth,"Have you ever laughed so hard you cried?","Har du någonsin skrattat så hårt att du grät?"
683b7b82-f39b-45d9-bb03-2ec26c8eb310,truth,"What is your most useless talent?","Vad är din mest onödiga talang?"
683b7b82-f39b-45d9-bb03-2ec26c8eb310,dare,"Act like a robot trying to be human for 20 seconds.","Uppträd som en robot som försöker vara mänsklig i 20 sekunder."
683b7b82-f39b-45d9-bb03-2ec26c8eb310,dare,"Sing the chorus of a song using only 'la la la'.","Sjung refrängen till en låt med bara 'la la la'."
683b7b82-f39b-45d9-bb03-2ec26c8eb310,dare,"Pretend you are a news reporter describing the room.","Låtsas att du är en nyhetsreporter som beskriver rummet."
683b7b82-f39b-45d9-bb03-2ec26c8eb310,dare,"Walk like a penguin until your next turn.","Gå som en pingvin tills din nästa tur."
683b7b82-f39b-45d9-bb03-2ec26c8eb310,dare,"Make up a random commercial and act it out.","Hitta på en slumpmässig reklamfilm och agera ut den."
683b7b82-f39b-45d9-bb03-2ec26c8eb310,truth,"What is the dumbest thing you believed as a kid?","Vad är det dummaste du trodde på som barn?"
683b7b82-f39b-45d9-bb03-2ec26c8eb310,truth,"What is the weirdest thing you have Googled?","Vad är det konstigaste du har googlat?"
683b7b82-f39b-45d9-bb03-2ec26c8eb310,truth,"Have you ever laughed at your own joke?","Har du någonsin skrattat åt ditt eget skämt?"
683b7b82-f39b-45d9-bb03-2ec26c8eb310,truth,"What sound always makes you laugh?","Vilket ljud får dig alltid att skratta?"
683b7b82-f39b-45d9-bb03-2ec26c8eb310,truth,"What is your funniest fail story?","Vad är din roligaste fail-berättelse?"
683b7b82-f39b-45d9-bb03-2ec26c8eb310,truth,"Have you ever tripped in public and tried to act cool?","Har du någonsin snubblat offentligt och försökt verka cool?"
683b7b82-f39b-45d9-bb03-2ec26c8eb310,truth,"What cartoon character are you secretly like?","Vilken tecknad figur är du hemligt lik?"
683b7b82-f39b-45d9-bb03-2ec26c8eb310,truth,"What is your most random fear?","Vad är din mest slumpmässiga rädsla?"
683b7b82-f39b-45d9-bb03-2ec26c8eb310,truth,"What is something you are terrible at but still try anyway?","Vad är något du är hemsk på men ändå försöker?"
683b7b82-f39b-45d9-bb03-2ec26c8eb310,truth,"What is the weirdest nickname you have given someone?","Vad är det konstigaste smeknamnet du har gett någon?"
683b7b82-f39b-45d9-bb03-2ec26c8eb3b1,truth,"What is the most embarrassing thing you've done in public?","Vad är det mest pinsamma du har gjort offentligt?"
683b7b82-f39b-45d9-bb03-2ec26c8eb3b1,truth,"Have you ever laughed at the wrong moment?","Har du någonsin skrattat i fel ögonblick?"
683b7b82-f39b-45d9-bb03-2ec26c8eb3b1,truth,"What is your weirdest habit?","Vad är din konstigaste vana?"
683b7b82-f39b-45d9-bb03-2ec26c8eb3b1,truth,"What is the worst joke you've ever told?","Vad är det sämsta skämtet du någonsin har berättat?"
683b7b82-f39b-45d9-bb03-2ec26c8eb3b1,dare,"Do your best celebrity impression.","Gör ditt bästa kändisimitation."
683b7b82-f39b-45d9-bb03-2ec26c8eb3b1,dare,"Dance with no music for 15 seconds.","Dansa utan musik i 15 sekunder."
683b7b82-f39b-45d9-bb03-2ec26c8eb3b1,dare,"Talk in a silly voice for one round.","Prata med en löjlig röst i en runda."
683b7b82-f39b-45d9-bb03-2ec26c8eb3b1,dare,"Make a funny face and keep it for 20 seconds.","Gör en rolig grimace och behåll den i 20 sekunder."
683b7b82-f39b-45d9-bb03-2ec26c8eb310,dare,"Act like you are walking on ice.","Uppträd som om du går på is."
683b7b82-f39b-45d9-bb03-2ec26c8eb310,dare,"Try to make the group laugh without speaking.","Försök få gruppen att skratta utan att prata."
683b7b82-f39b-45d9-bb03-2ec26c8eb310,dare,"Do your best animal impression.","Gör din bästa djurimitation."
683b7b82-f39b-45d9-bb03-2ec26c8eb310,dare,"Speak like a pirate until your next turn.","Tala som en pirat tills din nästa tur."
683b7b82-f39b-45d9-bb03-2ec26c8eb310,dare,"Pretend you are in slow-motion action scene.","Låtsas att du är i en slow-motion-actionscen."
683b7b82-f39b-45d9-bb03-2ec26c8eb310,dare,"Make up a fake motivational speech.","Hitta på ett falskt motivationsföredrag."
683b7b82-f39b-45d9-bb03-2ec26c8eb310,dare,"Laugh dramatically for 10 seconds.","Skratta dramatiskt i 10 sekunder."
683b7b82-f39b-45d9-bb03-2ec26c8eb310,dare,"Act like a toddler having a meltdown.","Uppträd som en småbarn som får ett utbrott."
683b7b82-f39b-45d9-bb03-2ec26c8eb310,dare,"Pretend you are presenting an award.","Låtsas att du delar ut ett pris."
683b7b82-f39b-45d9-bb03-2ec26c8eb310,dare,"Do a runway walk like a fashion model.","Gå en catwalk som en modell."
0d36a9a7-3976-4c4f-97d1-5c85652cce3d,truth,"What is the sweetest thing someone has ever done for you?","Vad är det sötaste någon någonsin har gjort för dig?"
0d36a9a7-3976-4c4f-97d1-5c85652cce3d,truth,"What is your biggest green flag in a partner?","Vad är din största gröna flagga hos en partner?"
0d36a9a7-3976-4c4f-97d1-5c85652cce3d,truth,"Have you ever had a crush on someone unexpected?","Har du någonsin haft en crush på någon oväntad?"
0d36a9a7-3976-4c4f-97d1-5c85652cce3d,truth,"What is one thing that instantly gives you the ick?","Vad är en sak som direkt ger dig ick?"
0d36a9a7-3976-4c4f-97d1-5c85652cce3d,truth,"Would you rather fall in love fast or slowly?","Vill du hellre bli kär snabbt eller långsamt?"
0d36a9a7-3976-4c4f-97d1-5c85652cce3d,truth,"What is your biggest relationship green flag?","Vad är din största gröna flagga i en relation?"
0d36a9a7-3976-4c4f-97d1-5c85652cce3d,truth,"What is the cutest thing someone has done for you?","Vad är det sötaste någon har gjort för dig?"
0d36a9a7-3976-4c4f-97d1-5c85652cce3d,truth,"What is one thing that instantly makes someone attractive?","Vad är en sak som direkt gör någon attraktiv?"
0d36a9a7-3976-4c4f-97d1-5c85652cce3d,truth,"Have you ever liked someone and never told them?","Har du någonsin gillat någon och aldrig berättat det?"
0d36a9a7-3976-4c4f-97d1-5c85652cce3d,truth,"What is your ideal first date?","Vad är din ideala första dejt?"
0d36a9a7-3976-4c4f-97d1-5c85652cce3d,truth,"What is your biggest dating red flag?","Vad är din största röda flagga vid dejting?"
0d36a9a7-3976-4c4f-97d1-5c85652cce3d,truth,"What fictional character would you date?","Vilken fiktiv karaktär skulle du dejta?"
0d36a9a7-3976-4c4f-97d1-5c85652cce3d,truth,"What is more important looks or personality?","Vad är viktigare utseende eller personlighet?"
0d36a9a7-3976-4c4f-97d1-5c85652cce3d,truth,"What is the most awkward romantic moment you have had?","Vad är det mest pinsamma romantiska ögonblicket du har haft?"
0d36a9a7-3976-4c4f-97d1-5c85652cce3d,truth,"Have you ever had a crush on someone older or younger than you?","Har du någonsin haft en crush på någon äldre eller yngre än dig?"
0d36a9a7-3976-4c4f-97d1-5c85652cce3d,truth,"Have you ever had a crush on a friend's partner?","Har du någonsin haft en crush på en väns partner?"
0d36a9a7-3976-4c4f-97d1-5c85652cce3d,truth,"What is the biggest lie you've told in a relationship?","Vad är den största lögnen du har berättat i en relation?"
0d36a9a7-3976-4c4f-97d1-5c85652cce3d,truth,"Have you ever ghosted someone?","Har du någonsin ghostat någon?"
0d36a9a7-3976-4c4f-97d1-5c85652cce3d,truth,"Who was your first love?","Vem var din första kärlek?"
0d36a9a7-3976-4c4f-97d1-5c85652cce3d,dare,"Text your crush a heart emoji.","Skicka din crush ett hjärta-emoji."
0d36a9a7-3976-4c4f-97d1-5c85652cce3d,dare,"Compliment someone in the room romantically.","Ge någon i rummet en romantisk komplimang."
0d36a9a7-3976-4c4f-97d1-5c85652cce3d,dare,"Hold hands with someone for 30 seconds.","Håll hand med någon i 30 sekunder."
0d36a9a7-3976-4c4f-97d1-5c85652cce3d,dare,"Send a flirty message to a random contact.","Skicka ett flörtigt meddelande till en slumpmässig kontakt."
0d36a9a7-3976-4c4f-97d1-5c85652cce3d,dare,"Say three nice things about yourself like you are on a dating profile.","Säg tre trevliga saker om dig själv som om du är på en dejtingsida."
0d36a9a7-3976-4c4f-97d1-5c85652cce3d,dare,"Describe your dream date using only gestures.","Beskriv din drömdejt med bara gester."
0d36a9a7-3976-4c4f-97d1-5c85652cce3d,dare,"Give someone a wholesome compliment.","Ge någon en genuin komplimang."
0d36a9a7-3976-4c4f-97d1-5c85652cce3d,dare,"Pretend you are in a romantic movie scene.","Låtsas att du är i en romantisk filmscen."
0d36a9a7-3976-4c4f-97d1-5c85652cce3d,dare,"Say your ideal partner type in a dramatic voice.","Säg din idealpartnertyp med dramatiskt röst."
0d36a9a7-3976-4c4f-97d1-5c85652cce3d,dare,"Send a kind message to a friend.","Skicka ett vänligt meddelande till en vän."
0d36a9a7-3976-4c4f-97d1-5c85652cce3d,dare,"Act shy for one full round.","Uppträd blygt i en hel runda."
0d36a9a7-3976-4c4f-97d1-5c85652cce3d,dare,"Describe your dream wedding in 10 seconds.","Beskriv ditt drömbröllop på 10 sekunder."
0d36a9a7-3976-4c4f-97d1-5c85652cce3d,dare,"Pretend you are giving relationship advice to the group.","Låtsas att du ger relationsråd till gruppen."
0d36a9a7-3976-4c4f-97d1-5c85652cce3d,dare,"Pick someone and give them a genuine friendly compliment.","Välj någon och ge dem en genuin vänlig komplimang."
0d36a9a7-3976-4c4f-97d1-5c85652cce3d,dare,"Describe your ideal date in dramatic detail.","Beskriv din idealdejt i dramatiskt detalj."
0d36a9a7-3976-4c4f-97d1-5c85652cce3d,dare,"Give someone in the room a genuine compliment.","Ge någon i rummet en genuin komplimang."
0d36a9a7-3976-4c4f-97d1-5c85652cce3d,dare,"Pretend to propose to an imaginary person.","Låtsas fria till en imaginär person."
0d36a9a7-3976-4c4f-97d1-5c85652cce3d,dare,"Send a wholesome message to someone you appreciate.","Skicka ett varmt meddelande till någon du uppskattar."
0d36a9a7-3976-4c4f-97d1-5c85652cce3d,dare,"Describe your dream partner using only three words.","Beskriv din drömpartner med bara tre ord."
00eaed98-ca52-4dbb-85b8-f4988e96931f,truth,"Who in this group do you trust the most?","Vem i den här gruppen litar du mest på?"
00eaed98-ca52-4dbb-85b8-f4988e96931f,truth,"Who here is most likely to become famous?","Vem här är troligast att bli känd?"
00eaed98-ca52-4dbb-85b8-f4988e96931f,truth,"Who here would survive longest in a zombie apocalypse?","Vem här skulle överleva längst i en zombieapokalyps?"
00eaed98-ca52-4dbb-85b8-f4988e96931f,truth,"Who here is the funniest friend?","Vem här är den roligaste vännen?"
00eaed98-ca52-4dbb-85b8-f4988e96931f,truth,"Who here would be the worst roommate?","Vem här skulle vara den sämsta rumskamraten?"
00eaed98-ca52-4dbb-85b8-f4988e96931f,truth,"Who here would you call first if you were in trouble?","Vem här skulle du ringa först om du var i trubbel?"
00eaed98-ca52-4dbb-85b8-f4988e96931f,truth,"Who in this group is most likely to start drama?","Vem i den här gruppen är troligast att starta drama?"
00eaed98-ca52-4dbb-85b8-f4988e96931f,truth,"Who here is the most chaotic?","Vem här är mest kaotisk?"
00eaed98-ca52-4dbb-85b8-f4988e96931f,truth,"Which friend knows you the best?","Vilken vän känner dig bäst?"
00eaed98-ca52-4dbb-85b8-f4988e96931f,truth,"Who here is most likely to get rich someday?","Vem här är troligast att bli rik någon gång?"
00eaed98-ca52-4dbb-85b8-f4988e96931f,truth,"Who here would forget your birthday?","Vem här skulle glömma din födelsedag?"
00eaed98-ca52-4dbb-85b8-f4988e96931f,truth,"Which friend gives the best advice?","Vilken vän ger bästa råden?"
00eaed98-ca52-4dbb-85b8-f4988e96931f,truth,"Who here is worst at keeping secrets?","Vem här är sämst på att hålla hemligheter?"
00eaed98-ca52-4dbb-85b8-f4988e96931f,truth,"Who here would get arrested for something stupid?","Vem här skulle bli arresterad för något dumt?"
00eaed98-ca52-4dbb-85b8-f4988e96931f,truth,"Who in this group would you travel the world with?","Vem i den här gruppen skulle du resa världen runt med?"
00eaed98-ca52-4dbb-85b8-f4988e96931f,truth,"What is your funniest memory with a friend?","Vad är ditt roligaste minne med en vän?"
00eaed98-ca52-4dbb-85b8-f4988e96931f,truth,"Which friend is the most dramatic?","Vilken vän är mest dramatisk?"
00eaed98-ca52-4dbb-85b8-f4988e96931f,truth,"Who here would survive the longest on a deserted island?","Vem här skulle överleva längst på en öde ö?"
00eaed98-ca52-4dbb-85b8-f4988e96931f,truth,"Who here would you trust with your biggest secret?","Vem här skulle du lita på med din största hemlighet?"
00eaed98-ca52-4dbb-85b8-f4988e96931f,truth,"Who here is most likely to send a message they regret?","Vem här är troligast att skicka ett meddelande de ångrar?"
00eaed98-ca52-4dbb-85b8-f4988e96931f,dare,"Send a random emoji to the last person you texted.","Skicka en slumpmässig emoji till den sista personen du textade."
00eaed98-ca52-4dbb-85b8-f4988e96931f,dare,"Let the group choose a nickname for you until your next turn.","Låt gruppen välja ett smeknamn åt dig tills din nästa tur."
00eaed98-ca52-4dbb-85b8-f4988e96931f,dare,"Text a friend 'I have something important to tell you later.'","Texta en vän 'Jag har något viktigt att berätta senare.'"
00eaed98-ca52-4dbb-85b8-f4988e96931f,dare,"Call a friend and say you miss them.","Ring en vän och säg att du saknar dem."
00eaed98-ca52-4dbb-85b8-f4988e96931f,dare,"Do your best impression of someone in the group.","Gör din bästa imitation av någon i gruppen."
00eaed98-ca52-4dbb-85b8-f4988e96931f,dare,"Dance for 10 seconds with no music.","Dansa i 10 sekunder utan musik."
00eaed98-ca52-4dbb-85b8-f4988e96931f,dare,"Give the person to your left a compliment.","Ge personen till vänster om dig en komplimang."
00eaed98-ca52-4dbb-85b8-f4988e96931f,dare,"Let someone else choose your next profile picture.","Låt någon annan välja din nästa profilbild."
00eaed98-ca52-4dbb-85b8-f4988e96931f,dare,"Speak in an accent until your next turn.","Tala med accent tills din nästa tur."
00eaed98-ca52-4dbb-85b8-f4988e96931f,dare,"Send a meme to the group chat without explanation.","Skicka en meme till gruppchaten utan förklaring."
00eaed98-ca52-4dbb-85b8-f4988e96931f,dare,"Act like the group's therapist for 20 seconds.","Uppträd som gruppens terapeut i 20 sekunder."
00eaed98-ca52-4dbb-85b8-f4988e96931f,dare,"High-five everyone in the room dramatically.","High-five alla i rummet dramatiskt."
00eaed98-ca52-4dbb-85b8-f4988e96931f,dare,"Say something nice about every person in the room.","Säg något trevligt om varje person i rummet."
00eaed98-ca52-4dbb-85b8-f4988e96931f,dare,"Text your best friend 'Guess what just happened?'","Texta din bästa vän 'Gissa vad som just hände?'"
00eaed98-ca52-4dbb-85b8-f4988e96931f,dare,"Pretend to be a motivational speaker for 15 seconds.","Låtsas vara en motivationsföreläsare i 15 sekunder."
00eaed98-ca52-4dbb-85b8-f4988e96931f,dare,"Let the group pick an emoji you must use in every sentence for one round.","Låt gruppen välja en emoji du måste använda i varje mening i en runda."
00eaed98-ca52-4dbb-85b8-f4988e96931f,dare,"Tell your most embarrassing school story.","Berätta din mest pinsamma skolhistoria."
00eaed98-ca52-4dbb-85b8-f4988e96931f,dare,"Send a voice message saying 'I forgot what I was going to say.'","Skicka ett röstmeddelande som säger 'Jag glömde vad jag skulle säga.'"
00eaed98-ca52-4dbb-85b8-f4988e96931f,dare,"Try to make everyone laugh in 10 seconds.","Försök få alla att skratta på 10 sekunder."
192e1dfc-6f19-4c09-8a63-f04c1f66a94c,truth,"Have you ever had a situationship that lasted way too long?","Har du någonsin haft en situationship som varade alldeles för länge?"
192e1dfc-6f19-4c09-8a63-f04c1f66a94c,truth,"What is the most confusing situationship you have ever been in?","Vad är den mest förvirrande situationship du någonsin varit i?"
192e1dfc-6f19-4c09-8a63-f04c1f66a94c,truth,"Have you ever caught feelings in a situationship?","Har du någonsin fått känslor i en situationship?"
192e1dfc-6f19-4c09-8a63-f04c1f66a94c,truth,"Have you ever ghosted someone you were talking to?","Har du någonsin ghostat någon du pratade med?"
192e1dfc-6f19-4c09-8a63-f04c1f66a94c,truth,"Have you ever been ghosted by someone you liked?","Har du någonsin blivit ghostad av någon du gillade?"
192e1dfc-6f19-4c09-8a63-f04c1f66a94c,truth,"What is the biggest red flag you ignored in a situationship?","Vad är den största röda flaggan du ignorerade i en situationship?"
192e1dfc-6f19-4c09-8a63-f04c1f66a94c,truth,"Have you ever stalked someone's social media after a situationship ended?","Har du någonsin stalkat någons sociala medier efter att en situationship tog slut?"
192e1dfc-6f19-4c09-8a63-f04c1f66a94c,truth,"What is the worst mixed signal someone has given you?","Vad är det värsta blandade signalerna någon har gett dig?"
192e1dfc-6f19-4c09-8a63-f04c1f66a94c,truth,"Have you ever had feelings for someone who only wanted something casual?","Har du någonsin haft känslor för någon som bara ville ha något avslappnat?"
192e1dfc-6f19-4c09-8a63-f04c1f66a94c,truth,"What is the longest situationship you have had?","Vad är den längsta situationship du har haft?"
192e1dfc-6f19-4c09-8a63-f04c1f66a94c,truth,"Have you ever been in two situationships at the same time?","Har du någonsin varit i två situationships samtidigt?"
192e1dfc-6f19-4c09-8a63-f04c1f66a94c,truth,"Have you ever pretended not to care about someone you actually liked?","Har du någonsin låtsats inte bry dig om någon du faktiskt gillade?"
192e1dfc-6f19-4c09-8a63-f04c1f66a94c,truth,"What is the most toxic situationship you have experienced?","Vad är den mest toxiska situationship du har upplevt?"
192e1dfc-6f19-4c09-8a63-f04c1f66a94c,truth,"Have you ever gone back to the same situationship more than once?","Har du någonsin gått tillbaka till samma situationship mer än en gång?"
192e1dfc-6f19-4c09-8a63-f04c1f66a94c,truth,"What is the clearest sign someone only wants a situationship?","Vad är det tydligaste tecknet på att någon bara vill ha en situationship?"
192e1dfc-6f19-4c09-8a63-f04c1f66a94c,truth,"Have you ever stayed in a situationship hoping it would become a relationship?","Har du någonsin stannat kvar i en situationship i hopp om att det skulle bli en relation?"
192e1dfc-6f19-4c09-8a63-f04c1f66a94c,truth,"Have you ever sent a risky text to someone you were talking to?","Har du någonsin skickat en riskabel text till någon du pratade med?"
192e1dfc-6f19-4c09-8a63-f04c1f66a94c,truth,"What is the most confusing text you have received from someone you liked?","Vad är det mest förvirrande meddelandet du fått från någon du gillade?"
192e1dfc-6f19-4c09-8a63-f04c1f66a94c,truth,"Have you ever liked someone your friend was also talking to?","Har du någonsin gillat någon som din vän också pratade med?"
192e1dfc-6f19-4c09-8a63-f04c1f66a94c,truth,"Would you ever date someone you had a messy situationship with?","Skulle du någonsin dejta någon du hade en rörig situationship med?"
192e1dfc-6f19-4c09-8a63-f04c1f66a94c,dare,"Send a random emoji to someone you used to talk to.","Skicka en slumpmässig emoji till någon du brukade prata med."
192e1dfc-6f19-4c09-8a63-f04c1f66a94c,dare,"Text someone 'I had a dream about you last night.'","Texta någon 'Jag drömde om dig i natt.'"
192e1dfc-6f19-4c09-8a63-f04c1f66a94c,dare,"Let the group choose someone you must send a meme to.","Låt gruppen välja någon du måste skicka en meme till."
192e1dfc-6f19-4c09-8a63-f04c1f66a94c,dare,"Scroll through your messages and read the last flirty text you sent.","Bläddra igenom dina meddelanden och läs det sista flörtiga meddelandet du skickade."
192e1dfc-6f19-4c09-8a63-f04c1f66a94c,dare,"Send a 'hey stranger' text to someone you haven't spoken to in months.","Skicka ett 'hej främling'-meddelande till någon du inte pratat med på månader."
192e1dfc-6f19-4c09-8a63-f04c1f66a94c,dare,"Show the group the last person you stalked on social media.","Visa gruppen den sista personen du stalkade på sociala medier."
192e1dfc-6f19-4c09-8a63-f04c1f66a94c,dare,"Send the 😏 emoji to the 5th person in your chat list.","Skicka 😏-emojin till den 5:e personen i din chattlista."
192e1dfc-6f19-4c09-8a63-f04c1f66a94c,dare,"Let someone in the group send a text from your phone.","Låt någon i gruppen skicka ett meddelande från din telefon."
192e1dfc-6f19-4c09-8a63-f04c1f66a94c,dare,"Call someone you used to talk to and say 'I just thought of you.'","Ring någon du brukade prata med och säg 'Jag tänkte just på dig.'"
192e1dfc-6f19-4c09-8a63-f04c1f66a94c,dare,"Send a voice message saying 'I miss our chaotic era.'","Skicka ett röstmeddelande som säger 'Jag saknar vår kaotiska era.'"
192e1dfc-6f19-4c09-8a63-f04c1f66a94c,dare,"React with ❤️ to someone's old message.","Reagera med ❤️ på någons gamla meddelande."
192e1dfc-6f19-4c09-8a63-f04c1f66a94c,dare,"Text someone 'Be honest… did you ever like me?'","Texta någon 'Var ärlig… gillade du mig någonsin?'"
192e1dfc-6f19-4c09-8a63-f04c1f66a94c,dare,"Let the group choose an emoji you must send to someone.","Låt gruppen välja en emoji du måste skicka till någon."
192e1dfc-6f19-4c09-8a63-f04c1f66a94c,dare,"Send a message saying 'You were a dangerous era.'","Skicka ett meddelande som säger 'Du var en farlig era.'"
192e1dfc-6f19-4c09-8a63-f04c1f66a94c,dare,"Text someone 'Random question… what are you doing right now?'","Texta någon 'Slumpmässig fråga… vad gör du just nu?'"
192e1dfc-6f19-4c09-8a63-f04c1f66a94c,dare,"Send a random selfie to someone you used to flirt with.","Skicka en slumpmässig selfie till någon du brukade flörta med."
192e1dfc-6f19-4c09-8a63-f04c1f66a94c,dare,"Send a 'thinking of you' message to someone.","Skicka ett 'tänker på dig'-meddelande till någon."
192e1dfc-6f19-4c09-8a63-f04c1f66a94c,dare,"Let the group choose a risky text you must send.","Låt gruppen välja en riskabel text du måste skicka."
192e1dfc-6f19-4c09-8a63-f04c1f66a94c,dare,"Send 'You crossed my mind today' to someone.","Skicka 'Du dök upp i mina tankar idag' till någon."
192e1dfc-6f19-4c09-8a63-f04c1f66a94c,dare,"Let the group scroll your chat list for 5 seconds.","Låt gruppen bläddra i din chattlista i 5 sekunder."
34f170e4-f67b-49c5-a8d1-56b282aee1a6,truth,"Who here would survive the longest in a zombie apocalypse?","Vem här skulle överleva längst i en zombieapokalyps?"
34f170e4-f67b-49c5-a8d1-56b282aee1a6,truth,"Who here is most likely to become famous?","Vem här är troligast att bli känd?"
34f170e4-f67b-49c5-a8d1-56b282aee1a6,truth,"What is the dumbest thing you have done with your friends?","Vad är det dummaste du har gjort med dina vänner?"
34f170e4-f67b-49c5-a8d1-56b282aee1a6,truth,"Who in this group would be the worst wingman?","Vem i den här gruppen skulle vara den sämsta wingmannen?"
34f170e4-f67b-49c5-a8d1-56b282aee1a6,truth,"What is the most embarrassing thing you have done on a night out?","Vad är det mest pinsamma du har gjort på en kväll ute?"
34f170e4-f67b-49c5-a8d1-56b282aee1a6,truth,"Who here would get arrested first on a crazy trip?","Vem här skulle bli arresterad först på en galen resa?"
34f170e4-f67b-49c5-a8d1-56b282aee1a6,truth,"What is the worst pickup line you have ever used?","Vad är den sämsta raggningsrepliken du någonsin använt?"
34f170e4-f67b-49c5-a8d1-56b282aee1a6,truth,"Who here is most likely to start a fight in a video game?","Vem här är troligast att starta ett bråk i ett datorspel?"
34f170e4-f67b-49c5-a8d1-56b282aee1a6,truth,"What is the most chaotic night you have ever had?","Vad är den mest kaotiska kvällen du någonsin haft?"
34f170e4-f67b-49c5-a8d1-56b282aee1a6,truth,"Who here would lose all their money in Vegas?","Vem här skulle förlora alla sina pengar i Vegas?"
34f170e4-f67b-49c5-a8d1-56b282aee1a6,truth,"What is the weirdest thing you have done while drunk?","Vad är det konstigaste du har gjort när du var full?"
34f170e4-f67b-49c5-a8d1-56b282aee1a6,truth,"Who here would survive the longest in the wild?","Vem här skulle överleva längst i vildmarken?"
34f170e4-f67b-49c5-a8d1-56b282aee1a6,truth,"What is the most ridiculous bet you have ever made?","Vad är det mest löjliga vad du någonsin har slagit?"
34f170e4-f67b-49c5-a8d1-56b282aee1a6,truth,"Who here is most likely to forget their phone somewhere?","Vem här är troligast att glömma sin telefon någonstans?"
34f170e4-f67b-49c5-a8d1-56b282aee1a6,truth,"What is the funniest thing someone here has ever done?","Vad är det roligaste någon här någonsin har gjort?"
34f170e4-f67b-49c5-a8d1-56b282aee1a6,truth,"Who here is most likely to text their ex?","Vem här är troligast att texta sin ex?"
34f170e4-f67b-49c5-a8d1-56b282aee1a6,truth,"What is the most stupid challenge you would actually try?","Vad är den dummaste utmaningen du faktiskt skulle prova?"
34f170e4-f67b-49c5-a8d1-56b282aee1a6,truth,"Who here would get lost on a simple trip?","Vem här skulle vilse på en enkel resa?"
34f170e4-f67b-49c5-a8d1-56b282aee1a6,truth,"What is the worst decision you made during a night out?","Vad är det sämsta beslut du tog under en kväll ute?"
34f170e4-f67b-49c5-a8d1-56b282aee1a6,truth,"Who here would make the worst life coach?","Vem här skulle vara den sämsta livscoachen?"
34f170e4-f67b-49c5-a8d1-56b282aee1a6,dare,"Do your best impression of someone in the group.","Gör din bästa imitation av någon i gruppen."
34f170e4-f67b-49c5-a8d1-56b282aee1a6,dare,"Let the group choose a nickname for you for the next round.","Låt gruppen välja ett smeknamn åt dig för nästa runda."
34f170e4-f67b-49c5-a8d1-56b282aee1a6,dare,"Text someone 'I have a crazy story to tell you later.'","Texta någon 'Jag har en galen historia att berätta senare.'"
34f170e4-f67b-49c5-a8d1-56b282aee1a6,dare,"Act like a motivational gym coach for 20 seconds.","Uppträd som en motivationsgymcoach i 20 sekunder."
34f170e4-f67b-49c5-a8d1-56b282aee1a6,dare,"Send a random meme to the last person you texted.","Skicka en slumpmässig meme till den sista personen du textade."
34f170e4-f67b-49c5-a8d1-56b282aee1a6,dare,"Try to make everyone laugh in 10 seconds.","Försök få alla att skratta på 10 sekunder."
34f170e4-f67b-49c5-a8d1-56b282aee1a6,dare,"Let someone pick a random emoji you must use in every sentence until your next turn.","Låt någon välja en slumpmässig emoji du måste använda i varje mening tills din nästa tur."
34f170e4-f67b-49c5-a8d1-56b282aee1a6,dare,"Pretend you are giving a dramatic movie speech.","Låtsas att du håller ett dramatiskt filmtal."
34f170e4-f67b-49c5-a8d1-56b282aee1a6,dare,"Send the 😎 emoji to the 4th person in your chat list.","Skicka 😎-emojin till den 4:e personen i din chattlista."
34f170e4-f67b-49c5-a8d1-56b282aee1a6,dare,"Do 10 pushups or take a penalty.","Gör 10 armhävningar eller ta ett straff."
34f170e4-f67b-49c5-a8d1-56b282aee1a6,dare,"Let the group choose a funny pose you must hold for 10 seconds.","Låt gruppen välja en rolig pose du måste hålla i 10 sekunder."
34f170e4-f67b-49c5-a8d1-56b282aee1a6,dare,"Call a friend and say 'Bro I need advice.'","Ring en vän och säg 'Brorsan jag behöver råd.'"
34f170e4-f67b-49c5-a8d1-56b282aee1a6,dare,"Let someone else send a message from your phone.","Låt någon annan skicka ett meddelande från din telefon."
34f170e4-f67b-49c5-a8d1-56b282aee1a6,dare,"Pretend you are a sports commentator for the next turn.","Låtsas att du är en sportkommentator för nästa tur."
34f170e4-f67b-49c5-a8d1-56b282aee1a6,dare,"Tell a fake dramatic story about something that happened tonight.","Berätta en falsk dramatisk historia om något som hände ikväll."
34f170e4-f67b-49c5-a8d1-56b282aee1a6,dare,"Send a 'what are you doing tonight?' text to someone.","Skicka ett 'vad gör du ikväll?'-meddelande till någon."
34f170e4-f67b-49c5-a8d1-56b282aee1a6,dare,"Let the group scroll your camera roll for 5 seconds.","Låt gruppen bläddra i ditt kamerarulle i 5 sekunder."
34f170e4-f67b-49c5-a8d1-56b282aee1a6,dare,"Act like a celebrity being interviewed.","Uppträd som en kändis som intervjuas."
34f170e4-f67b-49c5-a8d1-56b282aee1a6,dare,"Give the person to your left a motivational speech.","Ge personen till vänster om dig ett motivationsföredrag."
34f170e4-f67b-49c5-a8d1-56b282aee1a6,dare,"Do your best victory celebration like you just won a championship.","Gör din bästa vinstfirande som om du just vunnit ett mästerskap."
5785eff2-3ac9-4465-bc7b-e1dde2855dce,truth,"What is the cringiest message you have ever sent?","Vad är det mest cringe-meddelandet du någonsin har skickat?"
5785eff2-3ac9-4465-bc7b-e1dde2855dce,truth,"Have you ever tried to act cool and completely failed?","Har du någonsin försökt verka cool och misslyckats totalt?"
5785eff2-3ac9-4465-bc7b-e1dde2855dce,truth,"What is the most embarrassing thing you posted online?","Vad är det mest pinsamma du har lagt upp online?"
5785eff2-3ac9-4465-bc7b-e1dde2855dce,truth,"Have you ever waved back at someone who wasn't waving at you?","Har du någonsin vinkat tillbaka till någon som inte vinkade till dig?"
5785eff2-3ac9-4465-bc7b-e1dde2855dce,truth,"What is the worst pickup line you have ever used?","Vad är den sämsta raggningsrepliken du någonsin använt?"
5785eff2-3ac9-4465-bc7b-e1dde2855dce,truth,"Have you ever laughed at a joke you didn't understand?","Har du någonsin skrattat åt ett skämt du inte förstod?"
5785eff2-3ac9-4465-bc7b-e1dde2855dce,truth,"What is the most awkward moment you have had in public?","Vad är det mest pinsamma ögonblicket du har haft offentligt?"
5785eff2-3ac9-4465-bc7b-e1dde2855dce,truth,"Have you ever accidentally liked an old photo while stalking someone?","Har du någonsin av misstag gillat en gammal bild när du stalkade någon?"
5785eff2-3ac9-4465-bc7b-e1dde2855dce,truth,"What is the cringiest thing you did to impress someone?","Vad är det mest cringe du har gjort för att imponera på någon?"
5785eff2-3ac9-4465-bc7b-e1dde2855dce,truth,"Have you ever sent a message to the wrong person?","Har du någonsin skickat ett meddelande till fel person?"
5785eff2-3ac9-4465-bc7b-e1dde2855dce,truth,"What is the most embarrassing autocorrect fail you have had?","Vad är det mest pinsamma autokorrigeringsfelet du har haft?"
5785eff2-3ac9-4465-bc7b-e1dde2855dce,truth,"Have you ever tried to flirt and made things awkward?","Har du någonsin försökt flörta och gjort det pinsamt?"
5785eff2-3ac9-4465-bc7b-e1dde2855dce,truth,"What is the cringiest phase you have ever gone through?","Vad är den mest cringe-fasen du någonsin gått igenom?"
5785eff2-3ac9-4465-bc7b-e1dde2855dce,truth,"Have you ever pretended to understand something you didn't?","Har du någonsin låtsats förstå något du inte gjorde?"
5785eff2-3ac9-4465-bc7b-e1dde2855dce,truth,"What is the most embarrassing thing you have said out loud?","Vad är det mest pinsamma du har sagt högt?"
5785eff2-3ac9-4465-bc7b-e1dde2855dce,truth,"Have you ever tripped or fallen in front of people?","Har du någonsin snubblat eller fallit framför folk?"
5785eff2-3ac9-4465-bc7b-e1dde2855dce,truth,"What is the worst joke you have ever told?","Vad är det sämsta skämtet du någonsin har berättat?"
5785eff2-3ac9-4465-bc7b-e1dde2855dce,truth,"Have you ever waved goodbye and walked the same direction?","Har du någonsin vinkat adjö och gått åt samma håll?"
5785eff2-3ac9-4465-bc7b-e1dde2855dce,truth,"What is the most awkward silence you have experienced?","Vad är den mest pinsamma tystnaden du har upplevt?"
5785eff2-3ac9-4465-bc7b-e1dde2855dce,truth,"Have you ever tried to look busy when someone was watching?","Har du någonsin försökt se upptagen ut när någon tittade?"
5785eff2-3ac9-4465-bc7b-e1dde2855dce,dare,"Send the most awkward emoji combination you can think of to someone.","Skicka den mest pinsamma emojikombinationen du kan tänka dig till någon."
5785eff2-3ac9-4465-bc7b-e1dde2855dce,dare,"Read the last message you sent out loud in a dramatic voice.","Läs det sista meddelandet du skickade högt med dramatiskt röst."
5785eff2-3ac9-4465-bc7b-e1dde2855dce,dare,"Act like an influencer recording a cringe vlog for 20 seconds.","Uppträd som en influencer som spelar in en cringe-vlogg i 20 sekunder."
5785eff2-3ac9-4465-bc7b-e1dde2855dce,dare,"Send a random 'hey' text to the 5th person in your chat list.","Skicka ett slumpmässigt 'hej'-meddelande till den 5:e personen i din chattlista."
5785eff2-3ac9-4465-bc7b-e1dde2855dce,dare,"Pretend to flirt with a chair for 15 seconds.","Låtsas flörta med en stol i 15 sekunder."
5785eff2-3ac9-4465-bc7b-e1dde2855dce,dare,"Sing the chorus of a song dramatically.","Sjung refrängen till en låt dramatiskt."
5785eff2-3ac9-4465-bc7b-e1dde2855dce,dare,"Act like you are giving a cringe motivational speech.","Uppträd som om du håller ett cringe-motivationsföredrag."
5785eff2-3ac9-4465-bc7b-e1dde2855dce,dare,"Send a voice message saying 'This is awkward but hi.'","Skicka ett röstmeddelande som säger 'Det här är pinsamt men hej.'"
5785eff2-3ac9-4465-bc7b-e1dde2855dce,dare,"Let someone in the group write a short message you must send.","Låt någon i gruppen skriva ett kort meddelande du måste skicka."
5785eff2-3ac9-4465-bc7b-e1dde2855dce,dare,"Make intense eye contact with someone for 10 seconds.","Ha intensiv ögonkontakt med någon i 10 sekunder."
5785eff2-3ac9-4465-bc7b-e1dde2855dce,dare,"Pretend you are in a dramatic romantic movie scene.","Låtsas att du är i en dramatisk romantisk filmscen."
5785eff2-3ac9-4465-bc7b-e1dde2855dce,dare,"Send a random meme to someone without context.","Skicka en slumpmässig meme till någon utan kontext."
5785eff2-3ac9-4465-bc7b-e1dde2855dce,dare,"Say the alphabet like you are flirting.","Säg alfabetet som om du flörtar."
5785eff2-3ac9-4465-bc7b-e1dde2855dce,dare,"Act like a robot trying to be cool.","Uppträd som en robot som försöker vara cool."
5785eff2-3ac9-4465-bc7b-e1dde2855dce,dare,"Give a fake inspirational speech about awkward moments.","Håll ett falskt inspirerande tal om pinsamma ögonblick."
5785eff2-3ac9-4465-bc7b-e1dde2855dce,dare,"Send the 🙃 emoji to someone randomly.","Skicka 🙃-emojin till någon slumpmässigt."
5785eff2-3ac9-4465-bc7b-e1dde2855dce,dare,"Pretend you are a cringe TikTok influencer for 15 seconds.","Låtsas att du är en cringe-TikTok-influencer i 15 sekunder."
5785eff2-3ac9-4465-bc7b-e1dde2855dce,dare,"Let the group choose an emoji you must use in every sentence until your next turn.","Låt gruppen välja en emoji du måste använda i varje mening tills din nästa tur."
5785eff2-3ac9-4465-bc7b-e1dde2855dce,dare,"Try to make the most awkward small talk possible.","Försök ha den mest pinsamma småpratet möjligt."
5785eff2-3ac9-4465-bc7b-e1dde2855dce,dare,"Say 'This is so awkward' three times dramatically.","Säg 'Det här är så pinsamt' tre gånger dramatiskt."
5b913c1a-4175-4faa-b767-28bde83a6ab0,truth,"What is the most embarrassing thing you have ever posted online?","Vad är det mest pinsamma du någonsin har lagt upp online?"
5b913c1a-4175-4faa-b767-28bde83a6ab0,truth,"Have you ever stalked someone's profile for way too long?","Har du någonsin stalkat någons profil alldeles för länge?"
5b913c1a-4175-4faa-b767-28bde83a6ab0,truth,"What is the most awkward message you have sent on social media?","Vad är det mest pinsamma meddelandet du har skickat på sociala medier?"
5b913c1a-4175-4faa-b767-28bde83a6ab0,truth,"Have you ever accidentally liked an old photo while stalking someone?","Har du någonsin av misstag gillat en gammal bild när du stalkade någon?"
5b913c1a-4175-4faa-b767-28bde83a6ab0,truth,"What is the most embarrassing comment you have ever left?","Vad är den mest pinsamma kommentaren du någonsin har lämnat?"
5b913c1a-4175-4faa-b767-28bde83a6ab0,truth,"Have you ever unfollowed someone because you were jealous?","Har du någonsin slutat följa någon för att du var avundsjuk?"
5b913c1a-4175-4faa-b767-28bde83a6ab0,truth,"What is the longest time you have spent scrolling social media in one sitting?","Vad är den längsta tiden du har spenderat på att scrolla sociala medier i ett svep?"
5b913c1a-4175-4faa-b767-28bde83a6ab0,truth,"Have you ever deleted a post because it didn't get enough likes?","Har du någonsin raderat ett inlägg för att det inte fick tillräckligt många gillar?"
5b913c1a-4175-4faa-b767-28bde83a6ab0,truth,"What is the cringiest thing you have posted?","Vad är det mest cringe du har lagt upp?"
5b913c1a-4175-4faa-b767-28bde83a6ab0,truth,"Have you ever pretended not to see someone's message?","Har du någonsin låtsats inte se någons meddelande?"
5b913c1a-4175-4faa-b767-28bde83a6ab0,truth,"Who in this group would become an influencer first?","Vem i den här gruppen skulle bli influencer först?"
5b913c1a-4175-4faa-b767-28bde83a6ab0,truth,"What is the weirdest DM you have ever received?","Vad är det konstigaste DM du någonsin har fått?"
5b913c1a-4175-4faa-b767-28bde83a6ab0,truth,"Have you ever checked who viewed your story multiple times?","Har du någonsin kollat vem som tittade på din story flera gånger?"
5b913c1a-4175-4faa-b767-28bde83a6ab0,truth,"What is the most random thing in your camera roll?","Vad är det mest slumpmässiga i ditt kamerarulle?"
5b913c1a-4175-4faa-b767-28bde83a6ab0,truth,"Have you ever posted something just to make someone jealous?","Har du någonsin lagt upp något bara för att göra någon avundsjuk?"
5b913c1a-4175-4faa-b767-28bde83a6ab0,truth,"What is the worst selfie you have ever taken?","Vad är den sämsta selfien du någonsin tagit?"
5b913c1a-4175-4faa-b767-28bde83a6ab0,truth,"Have you ever ignored someone online on purpose?","Har du någonsin ignorerat någon online med flit?"
5b913c1a-4175-4faa-b767-28bde83a6ab0,truth,"What is the most ridiculous trend you have tried?","Vad är den mest löjliga trenden du har provat?"
5b913c1a-4175-4faa-b767-28bde83a6ab0,truth,"Have you ever spent more than an hour editing a photo?","Har du någonsin spenderat mer än en timme på att redigera en bild?"
5b913c1a-4175-4faa-b767-28bde83a6ab0,truth,"What is the funniest thing you have seen on social media?","Vad är det roligaste du har sett på sociala medier?"
5b913c1a-4175-4faa-b767-28bde83a6ab0,dare,"Post a random emoji on your story.","Lägg upp en slumpmässig emoji på din story."
5b913c1a-4175-4faa-b767-28bde83a6ab0,dare,"Send the 😎 emoji to the 3rd person in your chat list.","Skicka 😎-emojin till den 3:e personen i din chattlista."
5b913c1a-4175-4faa-b767-28bde83a6ab0,dare,"Post a selfie with the caption 'No explanation.'","Lägg upp en selfie med bildtexten 'Ingen förklaring.'"
5b913c1a-4175-4faa-b767-28bde83a6ab0,dare,"React to the last story you saw.","Reagera på den sista storyn du såg."
5b913c1a-4175-4faa-b767-28bde83a6ab0,dare,"Send a meme to the last person you chatted with.","Skicka en meme till den sista personen du chattade med."
5b913c1a-4175-4faa-b767-28bde83a6ab0,dare,"Let the group choose an emoji you must send to someone.","Låt gruppen välja en emoji du måste skicka till någon."
5b913c1a-4175-4faa-b767-28bde83a6ab0,dare,"Post 'Ask me anything' on your story.","Lägg upp 'Fråga mig vad som helst' på din story."
5b913c1a-4175-4faa-b767-28bde83a6ab0,dare,"Send a random 'hey' message to someone you haven't talked to in months.","Skicka ett slumpmässigt 'hej'-meddelande till någon du inte pratat med på månader."
5b913c1a-4175-4faa-b767-28bde83a6ab0,dare,"Change your profile picture to a funny face for 10 minutes.","Byt din profilbild till en rolig grimace i 10 minuter."
5b913c1a-4175-4faa-b767-28bde83a6ab0,dare,"Send a voice message saying 'This is random but hi.'","Skicka ett röstmeddelande som säger 'Det här är slumpmässigt men hej.'"
5b913c1a-4175-4faa-b767-28bde83a6ab0,dare,"Let someone choose a caption for your next post.","Låt någon välja en bildtext till ditt nästa inlägg."
5b913c1a-4175-4faa-b767-28bde83a6ab0,dare,"React with ❤️ to an old message in your chat.","Reagera med ❤️ på ett gammalt meddelande i din chatt."
5b913c1a-4175-4faa-b767-28bde83a6ab0,dare,"Send a random selfie to someone.","Skicka en slumpmässig selfie till någon."
5b913c1a-4175-4faa-b767-28bde83a6ab0,dare,"Comment 'legend' on a friend's post.","Kommentera 'legend' på en väns inlägg."
5b913c1a-4175-4faa-b767-28bde83a6ab0,dare,"Send the 🙃 emoji to someone randomly.","Skicka 🙃-emojin till någon slumpmässigt."
5b913c1a-4175-4faa-b767-28bde83a6ab0,dare,"Post a poll on your story.","Lägg upp en omröstning på din story."
5b913c1a-4175-4faa-b767-28bde83a6ab0,dare,"Send a random GIF to someone.","Skicka en slumpmässig GIF till någon."
5b913c1a-4175-4faa-b767-28bde83a6ab0,dare,"Let the group scroll your camera roll for 5 seconds.","Låt gruppen bläddra i ditt kamerarulle i 5 sekunder."
5b913c1a-4175-4faa-b767-28bde83a6ab0,dare,"Send a 'what are you doing?' text to someone.","Skicka ett 'vad gör du?'-meddelande till någon."
5b913c1a-4175-4faa-b767-28bde83a6ab0,dare,"React with 🔥 to the last story you see.","Reagera med 🔥 på den sista storyn du ser."
62892999-ac64-4f59-941b-1415dd38609d,truth,"What is the biggest risk you have ever taken?","Vad är den största risken du någonsin har tagit?"
62892999-ac64-4f59-941b-1415dd38609d,truth,"Have you ever sent a message you instantly regretted?","Har du någonsin skickat ett meddelande du direkt ångrade?"
62892999-ac64-4f59-941b-1415dd38609d,truth,"What is the most reckless decision you have made on a night out?","Vad är det mest vårdslösa beslut du har tagit på en kväll ute?"
62892999-ac64-4f59-941b-1415dd38609d,truth,"Have you ever done something risky just for the thrill?","Har du någonsin gjort något riskabelt bara för kicket?"
62892999-ac64-4f59-941b-1415dd38609d,truth,"What is the most impulsive thing you have done?","Vad är det mest impulsiva du har gjort?"
62892999-ac64-4f59-941b-1415dd38609d,truth,"Have you ever broken a rule just because everyone else was doing it?","Har du någonsin brutit en regel bara för att alla andra gjorde det?"
62892999-ac64-4f59-941b-1415dd38609d,truth,"What is the craziest thing you would actually try once?","Vad är det galnaste du faktiskt skulle prova en gång?"
62892999-ac64-4f59-941b-1415dd38609d,truth,"Have you ever taken a big risk for someone you liked?","Har du någonsin tagit en stor risk för någon du gillade?"
62892999-ac64-4f59-941b-1415dd38609d,truth,"What is the worst decision you made because of peer pressure?","Vad är det sämsta beslut du tog på grund av grupptryck?"
62892999-ac64-4f59-941b-1415dd38609d,truth,"Have you ever lied to get out of trouble?","Har du någonsin ljugit för att komma ur trubbel?"
62892999-ac64-4f59-941b-1415dd38609d,truth,"What is the most dangerous situation you have been in?","Vad är den farligaste situationen du har varit i?"
62892999-ac64-4f59-941b-1415dd38609d,truth,"Have you ever done something you knew was a bad idea but did it anyway?","Har du någonsin gjort något du visste var en dålig idé men gjorde det ändå?"
62892999-ac64-4f59-941b-1415dd38609d,truth,"What is the most chaotic thing you have done with friends?","Vad är det mest kaotiska du har gjort med vänner?"
62892999-ac64-4f59-941b-1415dd38609d,truth,"Have you ever taken a risk that actually paid off?","Har du någonsin tagit en risk som faktiskt löpte?"
62892999-ac64-4f59-941b-1415dd38609d,truth,"What is the most rebellious thing you have done?","Vad är det mest upproriska du har gjort?"
62892999-ac64-4f59-941b-1415dd38609d,truth,"Have you ever gotten away with something risky?","Har du någonsin kommit undan med något riskabelt?"
62892999-ac64-4f59-941b-1415dd38609d,truth,"What is something risky you would never try again?","Vad är något riskabelt du aldrig skulle prova igen?"
62892999-ac64-4f59-941b-1415dd38609d,truth,"Have you ever taken a dare that went completely wrong?","Har du någonsin tagit en utmaning som gick helt fel?"
62892999-ac64-4f59-941b-1415dd38609d,truth,"What is the most spontaneous decision you have made?","Vad är det mest spontana beslut du har tagit?"
62892999-ac64-4f59-941b-1415dd38609d,truth,"Would you rather take a big risk or play it safe?","Vill du hellre ta en stor risk eller spela säkert?"
62892999-ac64-4f59-941b-1415dd38609d,dare,"Send a random 'hey' text to someone you haven't spoken to in months.","Skicka ett slumpmässigt 'hej'-meddelande till någon du inte pratat med på månader."
62892999-ac64-4f59-941b-1415dd38609d,dare,"Let the group choose someone you must send an emoji to.","Låt gruppen välja någon du måste skicka en emoji till."
62892999-ac64-4f59-941b-1415dd38609d,dare,"Text someone 'Random question… what are you doing right now?'","Texta någon 'Slumpmässig fråga… vad gör du just nu?'"
62892999-ac64-4f59-941b-1415dd38609d,dare,"Send a meme to the last person you chatted with.","Skicka en meme till den sista personen du chattade med."
62892999-ac64-4f59-941b-1415dd38609d,dare,"Call a friend and say 'I need your advice right now.'","Ring en vän och säg 'Jag behöver dina råd just nu.'"
62892999-ac64-4f59-941b-1415dd38609d,dare,"Let the group write a short message you must send.","Låt gruppen skriva ett kort meddelande du måste skicka."
62892999-ac64-4f59-941b-1415dd38609d,dare,"Send the 😈 emoji to the 5th person in your chat list.","Skicka 😈-emojin till den 5:e personen i din chattlista."
62892999-ac64-4f59-941b-1415dd38609d,dare,"Text someone 'Be honest… do you trust me?'","Texta någon 'Var ärlig… litar du på mig?'"
62892999-ac64-4f59-941b-1415dd38609d,dare,"Post a random emoji on your story.","Lägg upp en slumpmässig emoji på din story."
62892999-ac64-4f59-941b-1415dd38609d,dare,"Send a voice message saying 'This might be a bad idea but hi.'","Skicka ett röstmeddelande som säger 'Det här kan vara en dålig idé men hej.'"
62892999-ac64-4f59-941b-1415dd38609d,dare,"React with 🔥 to the last story you saw.","Reagera med 🔥 på den sista storyn du såg."
62892999-ac64-4f59-941b-1415dd38609d,dare,"Send a random selfie to someone.","Skicka en slumpmässig selfie till någon."
62892999-ac64-4f59-941b-1415dd38609d,dare,"Text someone 'You crossed my mind today.'","Texta någon 'Du dök upp i mina tankar idag.'"
62892999-ac64-4f59-941b-1415dd38609d,dare,"Let the group choose an emoji you must send to someone.","Låt gruppen välja en emoji du måste skicka till någon."
62892999-ac64-4f59-941b-1415dd38609d,dare,"Send 'I have a weird question for you.' to someone.","Skicka 'Jag har en konstig fråga till dig.' till någon."
62892999-ac64-4f59-941b-1415dd38609d,dare,"Let someone else send a message from your phone.","Låt någon annan skicka ett meddelande från din telefon."
62892999-ac64-4f59-941b-1415dd38609d,dare,"Send a random GIF to someone.","Skicka en slumpmässig GIF till någon."
62892999-ac64-4f59-941b-1415dd38609d,dare,"Text someone 'I almost texted you something risky.'","Texta någon 'Jag nästan textade dig något riskabelt.'"
62892999-ac64-4f59-941b-1415dd38609d,dare,"Send the 👀 emoji to someone randomly.","Skicka 👀-emojin till någon slumpmässigt."
62892999-ac64-4f59-941b-1415dd38609d,dare,"Let the group choose someone you must text 'Guess what just happened.'","Låt gruppen välja någon du måste texta 'Gissa vad som just hände.'"
678bb3f8-857a-4250-98f8-e2a5653e2766,truth,"What is the biggest red flag someone can have?","Vad är den största röda flaggan någon kan ha?"
678bb3f8-857a-4250-98f8-e2a5653e2766,truth,"Have you ever ignored a red flag because you liked someone?","Har du någonsin ignorerat en röd flagga för att du gillade någon?"
678bb3f8-857a-4250-98f8-e2a5653e2766,truth,"What is a red flag you secretly find attractive?","Vad är en röd flagga du hemligt tycker är attraktiv?"
678bb3f8-857a-4250-98f8-e2a5653e2766,truth,"What is the biggest red flag you have shown in a relationship?","Vad är den största röda flaggan du har visat i en relation?"
678bb3f8-857a-4250-98f8-e2a5653e2766,truth,"Have you ever dated someone even though friends warned you?","Har du någonsin haft en relation med någon trots att vänner varnade dig?"
678bb3f8-857a-4250-98f8-e2a5653e2766,truth,"What is the worst red flag you ignored?","Vad är den värsta röda flaggan du ignorerade?"
678bb3f8-857a-4250-98f8-e2a5653e2766,truth,"What is a red flag people often overlook?","Vad är en röd flagga folk ofta bortser från?"
678bb3f8-857a-4250-98f8-e2a5653e2766,truth,"What is the most obvious red flag someone showed you?","Vad är den mest uppenbara röda flaggan någon visade dig?"
678bb3f8-857a-4250-98f8-e2a5653e2766,truth,"Have you ever been someone else's red flag?","Har du någonsin varit någon annans röda flagga?"
678bb3f8-857a-4250-98f8-e2a5653e2766,truth,"What is the funniest red flag you have ever seen?","Vad är den roligaste röda flaggan du någonsin sett?"
678bb3f8-857a-4250-98f8-e2a5653e2766,truth,"What is a red flag in friendships?","Vad är en röd flagga i vänskaper?"
678bb3f8-857a-4250-98f8-e2a5653e2766,truth,"What is a red flag on social media?","Vad är en röd flagga på sociala medier?"
678bb3f8-857a-4250-98f8-e2a5653e2766,truth,"What is a red flag during a first date?","Vad är en röd flagga under en första dejt?"
678bb3f8-857a-4250-98f8-e2a5653e2766,truth,"What is the weirdest red flag you have seen?","Vad är den konstigaste röda flaggan du har sett?"
678bb3f8-857a-4250-98f8-e2a5653e2766,truth,"Have you ever stayed with someone despite obvious red flags?","Har du någonsin stannat kvar med någon trots uppenbara röda flaggor?"
678bb3f8-857a-4250-98f8-e2a5653e2766,truth,"What is a red flag that instantly turns you off?","Vad är en röd flagga som direkt stänger av dig?"
678bb3f8-857a-4250-98f8-e2a5653e2766,truth,"What red flag do people ignore too often?","Vilken röd flagga ignorerar folk för ofta?"
678bb3f8-857a-4250-98f8-e2a5653e2766,truth,"What is a red flag you noticed too late?","Vad är en röd flagga du märkte för sent?"
678bb3f8-857a-4250-98f8-e2a5653e2766,truth,"Have you ever pointed out a red flag to a friend?","Har du någonsin pekat på en röd flagga för en vän?"
678bb3f8-857a-4250-98f8-e2a5653e2766,truth,"What is the most dramatic red flag you have seen?","Vad är den mest dramatiska röda flaggan du har sett?"
678bb3f8-857a-4250-98f8-e2a5653e2766,dare,"Text someone and ask them what they think your biggest red flag is.","Texta någon och fråga vad de tycker din största röda flagga är."
678bb3f8-857a-4250-98f8-e2a5653e2766,dare,"Send the 🚩 emoji to the 4th person in your chat list.","Skicka 🚩-emojin till den 4:e personen i din chattlista."
678bb3f8-857a-4250-98f8-e2a5653e2766,dare,"Let the group choose someone you must send the 🚩 emoji to.","Låt gruppen välja någon du måste skicka 🚩-emojin till."
678bb3f8-857a-4250-98f8-e2a5653e2766,dare,"Send a meme about red flags to someone.","Skicka en meme om röda flaggor till någon."
678bb3f8-857a-4250-98f8-e2a5653e2766,dare,"Call a friend and ask them what your biggest red flag is.","Ring en vän och fråga vad din största röda flagga är."
678bb3f8-857a-4250-98f8-e2a5653e2766,dare,"Send a message saying 'Be honest… am I a red flag?'","Skicka ett meddelande som säger 'Var ärlig… är jag en röd flagga?'"
678bb3f8-857a-4250-98f8-e2a5653e2766,dare,"React with 🚩 to someone's last message.","Reagera med 🚩 på någons sista meddelande."
678bb3f8-857a-4250-98f8-e2a5653e2766,dare,"Send the 👀 emoji to someone randomly.","Skicka 👀-emojin till någon slumpmässigt."
678bb3f8-857a-4250-98f8-e2a5653e2766,dare,"Text someone 'I might be a walking red flag.'","Texta någon 'Jag kanske är en gående röd flagga.'"
678bb3f8-857a-4250-98f8-e2a5653e2766,dare,"Send a random 'hey' message to someone.","Skicka ett slumpmässigt 'hej'-meddelande till någon."
678bb3f8-857a-4250-98f8-e2a5653e2766,dare,"Send a voice message saying 'I need honest feedback.'","Skicka ett röstmeddelande som säger 'Jag behöver ärlig feedback.'"
678bb3f8-857a-4250-98f8-e2a5653e2766,dare,"Text someone 'Tell me my biggest red flag.'","Texta någon 'Berätta min största röda flagga.'"
678bb3f8-857a-4250-98f8-e2a5653e2766,dare,"Send the 😅 emoji to the last person you chatted with.","Skicka 😅-emojin till den sista personen du chattade med."
678bb3f8-857a-4250-98f8-e2a5653e2766,dare,"Let the group choose an emoji you must send to someone.","Låt gruppen välja en emoji du måste skicka till någon."
678bb3f8-857a-4250-98f8-e2a5653e2766,dare,"Send a message saying 'I just realized something funny about myself.'","Skicka ett meddelande som säger 'Jag insåg just något roligt om mig själv.'"
678bb3f8-857a-4250-98f8-e2a5653e2766,dare,"Send a random GIF to someone.","Skicka en slumpmässig GIF till någon."
678bb3f8-857a-4250-98f8-e2a5653e2766,dare,"Text someone 'Do you think I have red flags?'","Texta någon 'Tycker du jag har röda flaggor?'"
678bb3f8-857a-4250-98f8-e2a5653e2766,dare,"Send the 🤔 emoji to someone randomly.","Skicka 🤔-emojin till någon slumpmässigt."
678bb3f8-857a-4250-98f8-e2a5653e2766,dare,"Let the group choose someone you must send a random emoji to.","Låt gruppen välja någon du måste skicka en slumpmässig emoji till."
678bb3f8-857a-4250-98f8-e2a5653e2766,dare,"Send a message saying 'Random question… what is your biggest red flag?'","Skicka ett meddelande som säger 'Slumpmässig fråga… vad är din största röda flagga?'"
97cd67fd-7c05-4499-ae50-2df7cea27241,truth,"What was your favorite subject in school?","Vad var ditt favoritämne i skolan?"
97cd67fd-7c05-4499-ae50-2df7cea27241,truth,"What was your least favorite subject in school?","Vad var ditt minst favoritämne i skolan?"
97cd67fd-7c05-4499-ae50-2df7cea27241,truth,"Have you ever fallen asleep in class?","Har du någonsin somnat i lektionen?"
97cd67fd-7c05-4499-ae50-2df7cea27241,truth,"Did you ever pretend to understand something in class when you didn't?","Har du någonsin låtsats förstå något i lektionen när du inte gjorde det?"
97cd67fd-7c05-4499-ae50-2df7cea27241,truth,"What was the most embarrassing thing that happened to you in school?","Vad var det mest pinsamma som hände dig i skolan?"
97cd67fd-7c05-4499-ae50-2df7cea27241,truth,"Did you ever forget about homework and panic the next day?","Har du någonsin glömt läxor och fått panik nästa dag?"
97cd67fd-7c05-4499-ae50-2df7cea27241,truth,"Who was your favorite teacher and why?","Vem var din favoritlärare och varför?"
97cd67fd-7c05-4499-ae50-2df7cea27241,truth,"Did you ever get in trouble at school?","Har du någonsin hamnat i trubbel i skolan?"
97cd67fd-7c05-4499-ae50-2df7cea27241,truth,"What was the funniest thing that happened in class?","Vad var det roligaste som hände i lektionen?"
97cd67fd-7c05-4499-ae50-2df7cea27241,truth,"Did you ever skip a class?","Har du någonsin skippat en lektion?"
97cd67fd-7c05-4499-ae50-2df7cea27241,truth,"What was the worst grade you ever got?","Vad var det sämsta betyget du någonsin fick?"
97cd67fd-7c05-4499-ae50-2df7cea27241,truth,"Did you ever have a crush on someone at school?","Har du någonsin haft en crush på någon i skolan?"
97cd67fd-7c05-4499-ae50-2df7cea27241,truth,"What was the most boring class you ever had?","Vad var den tråkigaste lektionen du någonsin hade?"
97cd67fd-7c05-4499-ae50-2df7cea27241,truth,"Did you ever get caught talking in class?","Har du någonsin blivit påkommen med att prata i lektionen?"
97cd67fd-7c05-4499-ae50-2df7cea27241,truth,"What was your biggest school fail?","Vad var ditt största skolmisslyckande?"
97cd67fd-7c05-4499-ae50-2df7cea27241,truth,"What was your favorite memory from school?","Vad var ditt favoritminne från skolan?"
97cd67fd-7c05-4499-ae50-2df7cea27241,truth,"Did you ever cheat on a test?","Har du någonsin fuskat på ett prov?"
97cd67fd-7c05-4499-ae50-2df7cea27241,truth,"What was the most ridiculous rule at your school?","Vad var den mest löjliga regeln på din skola?"
97cd67fd-7c05-4499-ae50-2df7cea27241,truth,"Did you ever laugh at the wrong moment in class?","Har du någonsin skrattat i fel ögonblick i lektionen?"
97cd67fd-7c05-4499-ae50-2df7cea27241,truth,"What was the funniest excuse someone used for missing homework?","Vad var den roligaste ursäkten någon använde för att ha missat läxor?"
97cd67fd-7c05-4499-ae50-2df7cea27241,dare,"Act like a strict teacher for 15 seconds.","Uppträd som en sträng lärare i 15 sekunder."
97cd67fd-7c05-4499-ae50-2df7cea27241,dare,"Pretend you are giving a school presentation.","Låtsas att du håller en skolpresentation."
97cd67fd-7c05-4499-ae50-2df7cea27241,dare,"Spell a random word backwards chosen by the group.","Stava ett slumpmässigt ord baklänges som gruppen väljer."
97cd67fd-7c05-4499-ae50-2df7cea27241,dare,"Act like you are answering a question in class.","Uppträd som om du svarar på en fråga i lektionen."
97cd67fd-7c05-4499-ae50-2df7cea27241,dare,"Pretend to be a teacher explaining something very simple.","Låtsas vara en lärare som förklarar något väldigt enkelt."
97cd67fd-7c05-4499-ae50-2df7cea27241,dare,"Write your name in the air with your finger dramatically.","Skriv ditt namn i luften med fingret dramatiskt."
97cd67fd-7c05-4499-ae50-2df7cea27241,dare,"Do your best impression of a teacher.","Gör din bästa imitation av en lärare."
97cd67fd-7c05-4499-ae50-2df7cea27241,dare,"Stand up and give a 10 second 'school speech'.","Ställ dig upp och håll ett 10 sekunders 'skoltal'."
97cd67fd-7c05-4499-ae50-2df7cea27241,dare,"Pretend you forgot your homework and explain why.","Låtsas att du glömde dina läxor och förklara varför."
97cd67fd-7c05-4499-ae50-2df7cea27241,dare,"Act like a student trying not to laugh in class.","Uppträd som en elev som försöker att inte skratta i lektionen."
97cd67fd-7c05-4499-ae50-2df7cea27241,dare,"Recite the alphabet like you are answering a test.","Läs upp alfabetet som om du svarar på ett prov."
97cd67fd-7c05-4499-ae50-2df7cea27241,dare,"Let the group choose a subject you must pretend to teach.","Låt gruppen välja ett ämne du måste låtsas undervisa."
97cd67fd-7c05-4499-ae50-2df7cea27241,dare,"Pretend you are nervous before giving a presentation.","Låtsas att du är nervös innan du håller en presentation."
97cd67fd-7c05-4499-ae50-2df7cea27241,dare,"Act like a student asking the teacher for help.","Uppträd som en elev som försöker få hjälp av läraren."
97cd67fd-7c05-4499-ae50-2df7cea27241,dare,"Write an imaginary sentence on an imaginary whiteboard.","Skriv en imaginär mening på en imaginär whiteboard."
97cd67fd-7c05-4499-ae50-2df7cea27241,dare,"Pretend to answer a very hard test question.","Låtsas svara på en väldigt svår provfråga."
97cd67fd-7c05-4499-ae50-2df7cea27241,dare,"Do your best impression of a class clown.","Gör din bästa imitation av en klassklown."
97cd67fd-7c05-4499-ae50-2df7cea27241,dare,"Explain something simple like a teacher for 10 seconds.","Förklara något enkelt som en lärare i 10 sekunder."
97cd67fd-7c05-4499-ae50-2df7cea27241,dare,"Act like the smartest student in class.","Uppträd som den smartaste eleven i klassen."
97cd67fd-7c05-4499-ae50-2df7cea27241,dare,"Pretend you just got caught talking in class.","Låtsas att du just blev påkommen med att prata i lektionen."
deada7a9-e2c8-4861-af5a-fcaf5cd52ff3,truth,"Who in this group is most likely to become famous?","Vem i den här gruppen är troligast att bli känd?"
deada7a9-e2c8-4861-af5a-fcaf5cd52ff3,truth,"Who here gives the best relationship advice?","Vem här ger bästa relationsråden?"
deada7a9-e2c8-4861-af5a-fcaf5cd52ff3,truth,"What is the most embarrassing thing that has happened to you on a night out?","Vad är det mest pinsamma som har hänt dig på en kväll ute?"
deada7a9-e2c8-4861-af5a-fcaf5cd52ff3,truth,"Who in this group would survive longest in a zombie apocalypse?","Vem i den här gruppen skulle överleva längst i en zombieapokalyps?"
deada7a9-e2c8-4861-af5a-fcaf5cd52ff3,truth,"Have you ever stalked someone's social media for way too long?","Har du någonsin stalkat någons sociala medier alldeles för länge?"
deada7a9-e2c8-4861-af5a-fcaf5cd52ff3,truth,"What is the most chaotic thing you have done with friends?","Vad är det mest kaotiska du har gjort med vänner?"
deada7a9-e2c8-4861-af5a-fcaf5cd52ff3,truth,"Who here is most likely to send a risky text?","Vem här är troligast att skicka en riskabel text?"
deada7a9-e2c8-4861-af5a-fcaf5cd52ff3,truth,"What is the worst date you have ever been on?","Vad var den sämsta dejt du någonsin varit på?"
deada7a9-e2c8-4861-af5a-fcaf5cd52ff3,truth,"Who here is most likely to forget their phone somewhere?","Vem här är troligast att glömma sin telefon någonstans?"
deada7a9-e2c8-4861-af5a-fcaf5cd52ff3,truth,"What is your biggest red flag in dating?","Vad är din största röda flagga vid dejting?"
deada7a9-e2c8-4861-af5a-fcaf5cd52ff3,truth,"Have you ever caught feelings for someone you shouldn't have?","Har du någonsin fått känslor för någon du inte borde ha?"
deada7a9-e2c8-4861-af5a-fcaf5cd52ff3,truth,"What is the funniest gossip story you have heard?","Vad är den roligaste skvallerhistorien du har hört?"
deada7a9-e2c8-4861-af5a-fcaf5cd52ff3,truth,"Who here would make the best reality TV star?","Vem här skulle bli bäst som reality-TV-stjärna?"
deada7a9-e2c8-4861-af5a-fcaf5cd52ff3,truth,"Have you ever sent a message you instantly regretted?","Har du någonsin skickat ett meddelande du direkt ångrade?"
deada7a9-e2c8-4861-af5a-fcaf5cd52ff3,truth,"What is the most embarrassing thing in your camera roll?","Vad är det mest pinsamma i ditt kamerarulle?"
deada7a9-e2c8-4861-af5a-fcaf5cd52ff3,truth,"Who here is most likely to get lost on a trip?","Vem här är troligast att vilse på en resa?"
deada7a9-e2c8-4861-af5a-fcaf5cd52ff3,truth,"What is the most ridiculous trend you have tried?","Vad är den mest löjliga trenden du har provat?"
deada7a9-e2c8-4861-af5a-fcaf5cd52ff3,truth,"Who here is most likely to text their ex?","Vem här är troligast att texta sin ex?"
deada7a9-e2c8-4861-af5a-fcaf5cd52ff3,truth,"What is the most awkward DM you have received?","Vad är det mest pinsamma DM du har fått?"
deada7a9-e2c8-4861-af5a-fcaf5cd52ff3,truth,"What is the funniest thing that has happened during a girls night?","Vad är det roligaste som har hänt under en tjejkväll?"
deada7a9-e2c8-4861-af5a-fcaf5cd52ff3,dare,"Send the 💅 emoji to the 4th person in your chat list.","Skicka 💅-emojin till den 4:e personen i din chattlista."
deada7a9-e2c8-4861-af5a-fcaf5cd52ff3,dare,"Text someone 'Guess what just happened.'","Texta någon 'Gissa vad som just hände.'"
deada7a9-e2c8-4861-af5a-fcaf5cd52ff3,dare,"Let the group choose someone you must send a meme to.","Låt gruppen välja någon du måste skicka en meme till."
deada7a9-e2c8-4861-af5a-fcaf5cd52ff3,dare,"Send a random selfie to someone.","Skicka en slumpmässig selfie till någon."
deada7a9-e2c8-4861-af5a-fcaf5cd52ff3,dare,"Call a friend and say 'I need gossip.'","Ring en vän och säg 'Jag behöver skvaller.'"
deada7a9-e2c8-4861-af5a-fcaf5cd52ff3,dare,"Let the group choose an emoji you must send to someone.","Låt gruppen välja en emoji du måste skicka till någon."
deada7a9-e2c8-4861-af5a-fcaf5cd52ff3,dare,"Send the 👀 emoji to someone randomly.","Skicka 👀-emojin till någon slumpmässigt."
deada7a9-e2c8-4861-af5a-fcaf5cd52ff3,dare,"Text someone 'Random question… what are you doing?'","Texta någon 'Slumpmässig fråga… vad gör du?'"
deada7a9-e2c8-4861-af5a-fcaf5cd52ff3,dare,"Let the group write a short message you must send.","Låt gruppen skriva ett kort meddelande du måste skicka."
deada7a9-e2c8-4861-af5a-fcaf5cd52ff3,dare,"Send a voice message saying 'This is random but hi.'","Skicka ett röstmeddelande som säger 'Det här är slumpmässigt men hej.'"
deada7a9-e2c8-4861-af5a-fcaf5cd52ff3,dare,"Send the ✨ emoji to someone randomly.","Skicka ✨-emojin till någon slumpmässigt."
deada7a9-e2c8-4861-af5a-fcaf5cd52ff3,dare,"Text someone 'I just remembered something funny.'","Texta någon 'Jag kom just ihåg något roligt.'"
deada7a9-e2c8-4861-af5a-fcaf5cd52ff3,dare,"Send a random GIF to someone.","Skicka en slumpmässig GIF till någon."
deada7a9-e2c8-4861-af5a-fcaf5cd52ff3,dare,"React with ❤️ to someone's message.","Reagera med ❤️ på någons meddelande."
deada7a9-e2c8-4861-af5a-fcaf5cd52ff3,dare,"Send the 😅 emoji to the last person you chatted with.","Skicka 😅-emojin till den sista personen du chattade med."
deada7a9-e2c8-4861-af5a-fcaf5cd52ff3,dare,"Let the group scroll your camera roll for 5 seconds.","Låt gruppen bläddra i ditt kamerarulle i 5 sekunder."
deada7a9-e2c8-4861-af5a-fcaf5cd52ff3,dare,"Send a 'hey stranger' text to someone.","Skicka ett 'hej främling'-meddelande till någon."
deada7a9-e2c8-4861-af5a-fcaf5cd52ff3,dare,"Text someone 'Be honest… do you miss me?'","Texta någon 'Var ärlig… saknar du mig?'"
deada7a9-e2c8-4861-af5a-fcaf5cd52ff3,dare,"Send the 😈 emoji to someone randomly.","Skicka 😈-emojin till någon slumpmässigt."
deada7a9-e2c8-4861-af5a-fcaf5cd52ff3,dare,"Let the group choose someone you must send a random emoji to.","Låt gruppen välja någon du måste skicka en slumpmässig emoji till."

